{"waypoints": [{"description": "Start point", "coordinate 2": 43.65700806809486, "id": 0, "coordinate 1": -79.39002655655149}]}